Campaign_Type,Platform,Region,Impressions,Clicks,Conversions,Cost,Revenue,Duration_Days,Ad_Budget
advertisement,Google,Europe,7317,672,67,8294.213955,18165.38268,28,18002.8282
email,Google,Europe,1526,974,36,3453.855826,6343.490365,18,14393.88912
advertisement,Twitter,North America,7748,921,89,,15730.46173,8,15035.80273
advertisement,LinkedIn,North America,1405,187,24,4349.081937,9067.133801,24,6894.252089
email,Instagram,North America,8986,935,44,5696.958953,16404.92332,13,19186.64746
email,LinkedIn,North America,4740,306,,1611.759698,15836.17077,23,6988.611162
advertisement,LinkedIn,Africa,2846,228,62,2631.030049,5110.878522,28,16620.09406
social_media,Google,North America,2478,,53,9614.772672,12637.03119,29,8972.244827
advertisement,LinkedIn,Africa,1771,102,35,9011.242481,7089.792236,20,19003.89716
advertisement,Facebook,Africa,6525,853,56,6870.475998,17993.40546,13,15799.39309
advertisement,Google,North America,9770,220,43,5136.801376,18073.78824,28,16307.20569
advertisement,,Asia,1193,484,96,7081.851636,11275.18711,9,8285.887596
email,Instagram,South America,3007,713,59,6567.492602,11665.93428,12,11645.59965
advertisement,Google,Europe,2185,137,93,6116.9703,9549.244091,26,14267.19792
social_media,Instagram,Africa,3394,440,21,1532.593647,15749.09448,8,16549.60427
email,Google,South America,5005,744,96,6695.223496,10379.92045,23,6559.390639
social_media,Twitter,Asia,8429,813,13,7920.280401,9016.887118,,19435.47975
social_media,LinkedIn,Europe,3261,959,96,9946.734892,11483.46589,18,18353.31006
social_media,Twitter,,4736,120,57,1099.706973,6372.312776,23,9055.228857
social_media,Instagram,Africa,7716,341,64,7571.56108,16199.04807,16,17341.40365
email,LinkedIn,North America,5875,554,10,6146.103843,,9,
email,Google,Asia,9921,720,98,4906.469585,14667.27592,26,11927.09722
social_media,LinkedIn,Africa,5378,402,75,2148.131571,7742.967901,24,9716.511587
social_media,Facebook,Asia,8815,695,39,4681.766338,8486.060693,19,13714.5288
email,LinkedIn,North America,4451,694,12,4189.394647,14534.47998,18,15948.33677
email,Facebook,North America,8616,902,30,3725.469001,19894.15199,23,11163.99357
email,LinkedIn,Africa,3800,168,98,7577.91661,16665.76234,10,14438.2879
advertisement,Facebook,North America,9333,228,93,7306.529692,8387.594483,29,15489.69382
advertisement,Instagram,South America,6410,295,58,6301.180819,7640.371326,16,15666.82726
advertisement,Twitter,Europe,2455,239,95,9447.98332,17993.49305,17,5779.491472
social_media,Google,Africa,7892,543,94,4148.689458,11662.75922,12,17896.21709
advertisement,LinkedIn,Asia,6808,382,71,3194.217439,7055.792042,12,11873.79972
social_media,Twitter,South America,7796,411,47,6903.129818,17933.17135,15,8936.241225
social_media,Google,Africa,5796,845,24,2789.326548,17241.38529,21,8626.467612
advertisement,Google,North America,6093,634,61,3835.094565,19758.59546,8,12245.21169
social_media,Facebook,North America,2325,764,88,3021.421961,18646.1553,10,18302.47309
advertisement,Instagram,North America,5976,376,55,1622.382109,17776.85508,11,10675.21373
advertisement,Instagram,North America,2159,160,34,8447.488675,5788.615967,23,16245.8862
email,Twitter,Asia,5650,418,30,3290.864886,6566.230542,14,6452.280965
advertisement,Instagram,South America,5987,989,97,5257.24753,13534.74791,14,12140.85053
email,LinkedIn,Europe,5697,151,14,1389.837459,12972.18869,28,19875.29211
advertisement,Instagram,Asia,1340,955,79,7294.055196,11869.44822,18,16556.56704
advertisement,Twitter,Asia,4828,252,56,3975.049021,10951.83988,27,8157.927327
email,Instagram,Europe,2968,848,96,7702.63055,11468.15727,14,12521.62211
email,LinkedIn,Europe,1703,410,77,4711.627544,13539.46901,25,8504.371455
advertisement,Facebook,North America,6482,913,27,2761.800458,5031.147764,9,11143.41391
social_media,Twitter,Asia,7376,643,30,5618.575741,8910.631612,24,16701.26036
email,Facebook,Africa,2800,666,95,2174.541037,12774.19581,27,16568.37223
social_media,Facebook,Europe,6463,963,32,4964.852439,15833.24148,25,8421.505669
social_media,Facebook,Europe,5912,488,73,3855.749297,7612.350386,25,18833.34977
social_media,Google,South America,5648,647,76,9207.636258,13203.21761,21,13888.52274
email,Google,Africa,1855,721,49,1548.358495,15716.89526,12,10698.86436
social_media,Facebook,Africa,3866,276,19,7246.156727,11669.41487,22,12529.03371
email,Twitter,Europe,1182,461,98,2644.760494,5406.217005,14,14076.0688
social_media,LinkedIn,North America,4112,413,61,3871.405669,11739.02238,22,13398.35798
advertisement,LinkedIn,South America,6670,906,81,4739.626568,9446.673316,24,12296.07553
advertisement,Instagram,Africa,5492,947,84,9172.135804,18944.74412,26,12573.99206
email,Twitter,Europe,6823,196,70,3183.204395,6869.200785,22,7646.178656
advertisement,Google,Africa,2517,980,73,1821.779223,14787.13933,17,17190.99356
advertisement,Facebook,South America,6002,312,14,3868.206436,5790.796495,13,13126.4048
social_media,Instagram,South America,2356,928,62,1942.083735,11692.55657,23,6966.197926
email,LinkedIn,Asia,4629,236,64,2157.368374,13309.69231,23,16492.35652
social_media,Google,Europe,4628,105,46,6164.655382,9469.32397,18,18986.65968
social_media,Google,South America,9210,208,65,1548.117398,11826.13453,19,19209.60349
social_media,Facebook,Asia,7132,646,68,1278.377933,7453.306918,16,10535.26599
social_media,LinkedIn,Asia,7588,138,78,7429.726913,9561.857742,13,7032.753103
social_media,Twitter,Africa,4311,761,82,4254.823854,14316.59487,20,12775.9944
social_media,Google,Africa,7048,524,68,2128.378143,9527.000838,29,6689.13844
social_media,Facebook,Asia,7246,729,11,3282.514938,18496.14618,7,19009.81128
email,Twitter,Africa,1987,360,74,6778.778566,14426.10436,23,7753.69441
advertisement,LinkedIn,South America,4321,525,69,3479.829104,11579.73528,10,8791.487899
social_media,Google,North America,5615,186,60,5450.690126,5581.354033,27,11099.5479
social_media,Twitter,South America,9365,564,39,2095.257761,12493.22503,11,10747.46703
social_media,Twitter,Asia,4741,175,20,6292.842738,16471.64363,26,16919.94339
social_media,Twitter,Asia,4052,570,85,3844.699155,8983.36397,29,11844.75231
social_media,Google,South America,7574,513,48,6642.715911,17101.60354,13,7561.5239
social_media,Google,Africa,1726,924,99,8275.553941,8777.101491,16,9008.148432
advertisement,Instagram,Africa,4760,994,86,6504.817775,17356.19582,23,12636.70078
advertisement,LinkedIn,Asia,6806,825,81,3661.728063,6279.025124,13,7211.808761
social_media,Facebook,Europe,2875,556,72,3301.693314,17992.75563,7,14174.83513
advertisement,Twitter,Africa,7993,384,73,3946.788629,12487.79676,13,13486.2096
email,Instagram,South America,5033,338,70,2481.584619,9448.063844,17,15720.53475
social_media,Facebook,Africa,6443,776,63,2630.546658,8976.698756,15,19065.56923
email,Instagram,South America,1989,698,82,8116.219917,11480.15838,18,18683.81842
email,Google,Asia,4744,752,67,4462.593189,19985.74247,9,19191.13427
social_media,Twitter,Africa,9611,771,94,4923.956625,8304.910902,10,8670.733955
advertisement,Facebook,South America,1593,657,65,6346.44519,6548.249733,10,6973.4796
email,Facebook,Asia,2774,471,43,6306.881456,13775.52753,19,9534.150507
social_media,Facebook,Europe,1935,594,40,1606.391844,12328.137,29,18426.27759
email,Facebook,South America,4808,723,61,8483.867077,12862.94407,25,19580.80212
email,Facebook,Europe,1331,144,98,2595.938979,15004.03126,16,17889.87427
email,Instagram,Europe,8922,500,85,7507.644724,9007.161048,11,6650.265817
email,Twitter,North America,3702,346,10,7954.038893,18659.97493,13,19211.41997
advertisement,Google,Africa,6889,715,64,7434.095807,11535.08099,22,11350.37041
email,Google,South America,6054,696,31,6210.798819,6936.292927,7,5139.654361
email,Google,Europe,4868,549,49,1131.480974,16134.48135,18,11635.90611
email,Google,North America,5200,584,10,4243.379431,14646.56529,8,5691.037545
advertisement,Instagram,Asia,1201,745,74,6443.554864,9736.151037,13,13158.16882
email,LinkedIn,South America,3497,719,72,4487.061663,14322.78086,17,10078.31041
email,Twitter,Europe,2842,117,63,8771.319054,8297.929346,19,12101.524
advertisement,Facebook,Africa,5658,705,51,3779.220478,11672.59039,8,14197.55541
advertisement,LinkedIn,North America,8544,761,30,3641.813132,18491.18783,13,18032.01644
advertisement,Google,Europe,8718,857,88,3393.979238,7003.013497,21,14928.52365
email,LinkedIn,Africa,1770,388,90,3995.027821,10800.44675,17,11510.73303
advertisement,Twitter,Europe,4155,513,31,6016.644679,17317.13637,8,17291.41781
advertisement,Facebook,South America,2628,820,47,7363.137648,19542.36349,13,18583.73206
email,Facebook,South America,1386,737,89,6963.11126,11808.89205,10,6796.399496
advertisement,Twitter,South America,7031,334,17,8269.46038,12604.9943,17,12978.99466
email,Twitter,North America,7439,515,71,8973.225959,13582.57943,8,9267.679396
social_media,Google,South America,7401,598,56,8344.711381,18985.22212,22,5705.917968
advertisement,Facebook,Africa,5008,733,26,1170.50863,17873.10186,13,15028.20043
social_media,LinkedIn,Europe,3466,749,26,7623.261582,7559.016869,19,17941.56166
email,Instagram,Asia,3282,214,99,2875.596163,11551.36727,11,7443.539817
advertisement,Instagram,Africa,2856,773,22,2196.352384,11960.00642,23,17186.20486
email,Twitter,Africa,8980,812,26,6746.399063,16836.44167,27,17800.936
social_media,Google,South America,2998,333,47,3877.688759,14043.39324,18,18715.10664
email,Instagram,North America,6476,639,90,1514.05447,14813.30693,25,8979.276336
advertisement,Facebook,Europe,5669,110,87,2238.66761,19972.99861,13,18559.29598
advertisement,Twitter,North America,5318,305,54,1008.364752,6124.400652,12,9809.941321
social_media,LinkedIn,Europe,8064,778,15,9129.012646,8345.147353,14,13285.0702
email,Twitter,Europe,8446,346,44,1221.561855,11118.43906,19,5757.612062
advertisement,LinkedIn,North America,2431,658,23,2885.101926,10216.73605,11,5658.216326
social_media,Twitter,Africa,6624,857,81,4746.365026,5324.68342,8,15805.59819
advertisement,Twitter,Europe,8461,226,70,4209.141934,6376.664097,15,11667.19967
advertisement,Twitter,North America,2819,246,24,9205.532892,15214.29937,17,8844.385631
email,LinkedIn,Europe,2130,217,63,1362.600512,18189.86695,12,7856.20244
advertisement,LinkedIn,Asia,7563,481,36,5609.932369,12713.40517,13,15049.30236
email,Twitter,Africa,3658,511,22,7124.315163,13087.86619,13,5006.02316
advertisement,Instagram,South America,4500,763,40,9385.281763,8826.401492,25,17088.36754
social_media,Google,Europe,9566,683,44,6583.341269,16518.14545,12,6188.744092
advertisement,Google,Asia,3120,462,69,8233.797124,16276.91881,17,7872.344224
email,Google,South America,5020,608,15,1753.524441,13825.48534,17,10793.54593
email,LinkedIn,South America,4259,236,78,4473.455598,8189.964298,13,12272.8811
social_media,LinkedIn,Europe,2823,274,95,4365.52421,6455.273274,8,10324.92674
advertisement,Instagram,North America,2474,388,67,8976.593948,5963.578638,25,9810.682475
advertisement,Google,Europe,3242,580,58,2362.340541,13890.441,10,19458.74018
social_media,Google,Asia,4243,118,32,2366.975551,17375.52979,12,14623.69522
advertisement,Twitter,South America,7990,294,98,3957.023349,17874.95648,23,5351.494331
advertisement,LinkedIn,Europe,6160,429,43,1490.194426,11954.33112,11,11452.63863
email,Google,North America,4134,274,35,2642.122366,16764.06949,13,18125.1305
advertisement,Instagram,Europe,3070,548,56,9686.886747,19203.20295,15,9521.842796
advertisement,Instagram,Africa,1359,453,14,4853.655459,9127.551687,7,6418.345172
social_media,Google,North America,2141,598,99,6688.172876,10969.4052,7,16375.77157
social_media,LinkedIn,Asia,2635,240,29,7535.001334,18972.18489,25,14090.20748
email,Instagram,South America,5000,857,15,4302.652663,10073.46451,12,13554.68762
advertisement,Twitter,Europe,4361,996,79,2325.04367,18708.14435,24,5803.648394
advertisement,Instagram,North America,7583,192,68,2859.229146,19715.67293,16,7107.485147
advertisement,Facebook,Africa,8835,338,73,3819.398289,14927.16093,17,14338.24094
email,Facebook,North America,1006,304,27,6724.615783,17253.35434,7,8117.357622
email,LinkedIn,Africa,4267,659,13,4584.524942,16243.18346,7,12561.0512
social_media,Google,Asia,7564,532,26,1061.332281,15493.01386,19,13173.22529
email,LinkedIn,South America,5928,344,23,5710.664666,9603.966095,11,9252.607854
advertisement,LinkedIn,Asia,3606,931,87,9293.620527,5856.415069,26,19226.37733
advertisement,LinkedIn,Europe,6906,416,22,8308.698499,10145.77599,7,17636.9616
email,LinkedIn,North America,4273,394,16,8426.902341,15004.03978,26,15835.60261
advertisement,Twitter,Africa,8611,739,53,8155.522158,6537.937973,9,6169.907996
advertisement,Twitter,Africa,1913,955,24,3913.57743,5178.769745,24,6591.95029
email,Instagram,North America,3011,381,28,7886.744504,7095.385589,15,12391.72019
email,Facebook,North America,2442,116,72,2288.45222,15736.0389,20,7410.700238
advertisement,LinkedIn,Europe,6546,170,44,6919.445325,19591.90552,23,19673.98195
advertisement,Instagram,Asia,2829,368,90,6774.1171,19745.97049,29,7377.80351
advertisement,Facebook,Africa,9767,424,44,1230.128192,12409.68724,20,12312.01753
social_media,Google,Europe,7468,893,28,8091.731202,18040.28451,10,10461.81585
social_media,Twitter,Asia,1929,404,29,9129.232946,16052.39684,11,14590.79632
social_media,Facebook,Europe,4699,550,44,3406.737506,12515.60355,27,6935.546133
email,Google,Africa,2054,106,41,8311.516518,13591.40799,23,11454.74642
social_media,Facebook,North America,6744,413,57,1741.653747,7058.407199,28,9120.575492
email,Twitter,North America,2900,916,53,6399.710724,19064.92191,8,18316.27287
email,Twitter,Asia,7980,202,33,5370.821788,10278.94656,29,5608.785682
social_media,Instagram,South America,8069,920,70,5913.3118,11692.23885,28,18705.91241
social_media,LinkedIn,Asia,4415,292,26,9335.846817,15074.90346,11,17494.91208
social_media,Facebook,South America,1442,852,80,8841.837225,10008.53707,10,9463.560747
advertisement,Facebook,Europe,7218,673,59,8065.752915,8813.887415,10,16839.35982
social_media,Google,Europe,5652,628,74,3463.286119,14465.7409,12,5468.203405
advertisement,Twitter,Africa,8939,270,41,9206.367658,5374.761234,26,19502.98325
email,Facebook,South America,8833,636,45,1877.569232,15810.87668,27,12898.92414
advertisement,Twitter,Africa,8597,350,22,8679.962949,12710.35055,19,9549.215391
social_media,Facebook,North America,5458,864,79,3953.440651,14086.30596,28,10438.74819
email,Instagram,South America,7591,486,67,1483.950805,14478.20239,11,5996.080302
email,LinkedIn,Asia,3309,306,23,7024.212858,12905.75235,29,19840.24271
email,Facebook,North America,7268,640,46,3081.519355,13738.00666,29,5589.379177
advertisement,Twitter,North America,1910,728,88,3192.140133,15256.82301,13,14823.60685
social_media,Instagram,Asia,5340,515,77,3754.424496,16296.78271,26,11641.03892
email,Facebook,North America,5009,893,49,1573.162908,15911.78587,7,19233.74327
email,Google,South America,7628,479,68,2594.144298,18044.24687,20,8689.996105
email,LinkedIn,Africa,3169,243,89,1046.256648,7841.651498,10,12981.30236
advertisement,Facebook,North America,3172,124,25,5008.68569,11017.21954,23,12235.34313
advertisement,Instagram,South America,6668,921,71,1758.298397,19216.94099,27,15542.99666
social_media,Google,Europe,7313,767,13,7143.873445,10948.85862,20,6020.153479
advertisement,Instagram,South America,9315,172,54,3120.605661,6873.051154,22,7906.83695
email,Instagram,Africa,9036,731,99,9492.167296,12881.6769,20,8218.472301
social_media,Google,South America,7789,923,37,8841.264647,6642.364588,22,16072.26132
email,Instagram,Asia,1785,932,75,3604.968055,8042.798581,26,7837.080445
email,Google,Africa,7139,192,40,8048.939092,19974.78135,14,13602.37646
advertisement,Facebook,Europe,7344,604,12,8229.204142,13120.43958,9,8228.657308
social_media,Google,Asia,3416,697,17,9879.068027,9260.875836,25,17924.37425
advertisement,Google,South America,9988,435,33,6380.559882,19921.62432,7,19132.78182
advertisement,LinkedIn,Africa,5154,524,24,1737.691612,19498.38378,8,12777.39462
social_media,Google,Europe,6619,598,52,6821.53506,11611.08562,21,10284.63326
email,Google,Asia,2936,463,40,6624.817735,8906.046632,28,8510.866625
email,Facebook,Europe,4807,729,82,6745.155197,17575.99457,16,5746.715023
social_media,LinkedIn,South America,8151,844,54,3764.310833,15734.31075,24,9027.501143
email,Twitter,Europe,4236,298,75,8737.116266,15304.12153,28,14813.5367
social_media,Facebook,North America,3352,817,17,9635.249647,18396.70612,20,13004.25397
social_media,Facebook,Asia,2932,512,80,2959.412617,15341.25701,23,19160.61917
advertisement,Twitter,Europe,9556,438,66,1793.369423,9256.969146,19,10944.15894
social_media,Google,South America,5916,758,89,2750.815299,15407.94743,7,15407.95013
advertisement,Instagram,South America,6498,528,39,8384.969253,9587.202669,11,12339.84121
email,LinkedIn,Europe,1946,882,83,7089.801713,16388.58469,19,12688.64324
email,Instagram,South America,2439,998,27,6724.426081,14296.21782,20,9016.614719
email,Twitter,Africa,8730,238,78,4616.138216,6161.17328,9,11824.26165
email,Facebook,Africa,5857,792,48,6200.451744,12692.53044,21,12061.77496
advertisement,Facebook,Africa,1340,641,69,3770.867127,10149.51454,25,15599.63783
email,LinkedIn,North America,1382,156,52,5294.800715,9928.559491,23,19109.59999
social_media,Facebook,Europe,9491,331,54,8137.567255,14033.84454,9,9939.819162
social_media,Facebook,North America,1138,757,32,9831.174377,9834.872367,22,5633.007029
social_media,LinkedIn,South America,1358,534,78,9392.400312,16653.40622,20,12444.42688
advertisement,LinkedIn,North America,5931,483,15,9404.793486,6061.87154,18,13166.91998
email,Twitter,South America,4456,659,65,4620.013614,14905.82379,18,7526.608267
email,Facebook,South America,2627,293,13,5219.108925,17137.92205,17,16406.96909
email,Facebook,Asia,7626,835,32,7350.718567,15092.47535,23,19773.93663
advertisement,Twitter,Africa,6004,747,15,9299.727352,12458.43793,14,19186.62076
social_media,Google,South America,7652,633,41,2277.948334,19254.60521,23,7956.590582
social_media,Google,Asia,7416,617,27,3738.176774,9499.077347,27,18130.4486
email,Google,Africa,4170,815,24,2253.221601,5287.518313,29,15567.40455
social_media,Twitter,South America,4835,850,49,6508.07677,11479.84057,26,11807.69846
social_media,Facebook,South America,9017,284,82,3756.708972,5495.179039,17,13109.16491
advertisement,Twitter,North America,3151,971,83,3934.970673,19309.05129,8,17744.00262
advertisement,Twitter,North America,7905,391,93,1638.243635,8148.770686,16,12202.02409
advertisement,Google,Africa,3834,434,15,4148.164556,16833.90536,16,10598.11054
advertisement,Instagram,South America,3567,831,72,8762.468567,16618.58125,17,12398.7124
email,Facebook,Europe,2307,215,76,3097.655307,8265.933495,12,13686.94706
advertisement,Google,North America,9848,924,20,7256.687196,14318.39796,10,7836.164807
social_media,Instagram,Africa,3660,148,52,6666.655104,5721.184527,18,18513.61595
email,Instagram,South America,4730,784,26,8771.361475,12253.61879,17,15112.80423
social_media,LinkedIn,South America,7207,181,13,2190.591529,5219.706909,29,14499.03376
social_media,Facebook,Europe,4162,933,72,9798.309643,18817.1582,29,6492.443393
social_media,Instagram,Africa,2140,432,77,6243.657814,19641.29036,19,14062.60907
advertisement,Google,South America,9458,656,90,9959.267371,8334.2415,11,6814.409934
advertisement,LinkedIn,North America,2708,434,50,9203.632533,8121.590519,12,6180.465128
email,Facebook,Europe,4630,631,92,2993.655449,16305.80265,7,12909.66343
email,Twitter,Africa,4211,320,14,1505.458089,8800.690982,12,11041.78301
advertisement,Google,Europe,7538,734,41,3300.751844,18426.14839,24,13832.15405
social_media,Instagram,North America,1475,845,95,5748.072841,13608.93704,28,6338.332521
email,Instagram,Africa,8684,832,79,2544.367304,10261.66435,15,11464.74594
advertisement,Google,Europe,2207,422,44,2507.137701,17490.4062,21,7621.800726
advertisement,Instagram,Asia,2960,950,31,5163.341924,12401.10051,14,19806.50129
advertisement,LinkedIn,North America,1557,102,74,1299.411741,18674.49371,25,13417.25319
social_media,Facebook,North America,1882,793,93,2096.992743,18920.21355,22,15311.55291
advertisement,LinkedIn,North America,5761,305,31,4742.752055,7481.302282,12,9881.27421
advertisement,Instagram,Asia,6867,931,20,1568.169183,5034.851092,12,6421.083722
advertisement,Twitter,Asia,7963,139,86,4570.795508,19758.9641,28,19638.06294
advertisement,Facebook,South America,8166,158,12,5266.056394,18592.06304,9,9293.885531
email,Facebook,Europe,8929,673,18,5061.399527,5831.678536,16,11357.12278
email,Google,South America,6347,743,69,8822.573717,17495.51396,7,14747.95883
advertisement,Google,Europe,8269,606,85,5770.562095,11867.07399,20,5370.459465
social_media,Twitter,Asia,9125,671,96,5211.824162,8884.424075,10,17153.88696
email,Facebook,Asia,3454,983,23,4696.383209,18181.19786,18,13048.67285
advertisement,Twitter,South America,5494,942,27,8358.610405,7950.008486,12,9173.257806
email,Google,Africa,2946,221,82,9055.509436,19209.49999,17,5924.119779
email,Google,South America,3808,578,32,8679.182223,8084.322315,18,7437.476232
social_media,Facebook,Europe,7642,718,83,7061.919203,14205.24782,16,18425.50788
advertisement,LinkedIn,South America,4825,195,92,2236.255714,8346.295018,24,15290.36336
advertisement,Instagram,North America,4536,958,56,3491.829725,13185.02997,13,8748.525825
social_media,Google,Europe,7068,513,78,1414.567573,15259.62695,13,5984.011474
social_media,Google,Europe,4802,334,56,9377.416675,7853.418962,17,15359.22969
advertisement,LinkedIn,Africa,5699,997,96,6947.186767,12813.28674,10,13586.11589
advertisement,LinkedIn,Asia,2970,161,39,7717.265959,12035.89617,26,11067.79287
social_media,Twitter,Europe,6806,355,34,3804.145656,6065.561321,7,10454.17174
email,Twitter,Asia,7142,660,37,8610.8817,17274.61727,19,8252.214139
email,Instagram,South America,3819,447,34,3336.429553,10035.23601,24,15044.16885
social_media,Instagram,North America,1364,770,83,1014.793814,13618.73296,15,19560.02042
email,Facebook,Africa,5258,223,87,4387.734663,12721.76352,15,7635.728688
social_media,Twitter,Asia,4119,581,67,6136.853329,12698.90757,29,13956.7493
email,Google,Europe,2863,416,50,5308.343722,6608.335913,15,11362.77584
email,Twitter,Asia,1115,603,34,8758.685283,11352.23014,16,11700.33083
advertisement,Google,Europe,8084,818,87,1948.647574,11785.50139,8,8812.209202
advertisement,LinkedIn,Asia,9016,147,57,5984.410966,16004.64261,12,17377.02313
email,Twitter,Europe,3384,508,19,5616.814148,17600.28248,21,12278.83406
email,LinkedIn,South America,4935,235,84,3532.53684,13174.73417,9,13151.08778
advertisement,Instagram,Europe,8742,300,20,8400.053013,6301.744311,17,9571.413692
advertisement,Instagram,Europe,6442,349,94,7775.637903,8552.742059,12,7727.126985
advertisement,Facebook,North America,3490,413,30,7595.732686,7474.010403,9,6288.655823
social_media,Twitter,Europe,7980,968,95,8885.732304,6869.225948,17,15711.78711
email,LinkedIn,North America,8661,467,54,7505.061406,10488.48948,21,7943.514225
advertisement,Google,Africa,2724,528,16,3086.571625,8440.902532,19,15351.13031
email,Instagram,North America,9182,929,90,7350.064405,8274.546677,26,10855.64669
social_media,Instagram,South America,3767,906,73,3769.325321,5820.397619,16,11236.62201
social_media,Google,North America,2137,579,73,3179.571853,5265.050672,12,12037.66244
advertisement,LinkedIn,Africa,5117,413,11,1657.032336,6541.52364,21,10515.62762
social_media,LinkedIn,South America,4420,599,85,7696.257223,7582.962191,24,6509.299658
email,Twitter,Asia,6845,820,51,7399.008658,11464.75593,24,9644.47715
advertisement,Twitter,Asia,5778,454,91,3110.495299,12657.80392,13,14956.01541
email,Facebook,North America,4906,584,63,7744.411151,7108.878773,21,14986.76602
email,Instagram,North America,4637,310,84,9260.567948,11371.75012,24,9293.364609
social_media,Twitter,Africa,3953,803,25,1972.260617,10126.23263,24,11901.5394
social_media,LinkedIn,Africa,6929,143,27,3093.729745,7751.354652,26,7901.70842
social_media,Google,Europe,1276,640,68,7752.347147,5102.611222,15,8155.581223
social_media,LinkedIn,Africa,2999,670,99,3470.560062,12005.268,8,5345.706326
social_media,Instagram,Europe,2227,682,25,6621.975769,15284.77624,14,18451.19825
advertisement,LinkedIn,South America,7337,191,15,1730.47802,8394.160012,26,8160.599976
email,Facebook,North America,4735,364,66,5069.822312,6977.102448,8,8413.008154
email,Instagram,South America,1695,994,56,7651.822798,18305.64117,17,9194.02149
email,Google,Africa,5152,319,57,7178.625487,9125.371587,13,6911.121075
email,Facebook,South America,8901,541,51,8335.648906,8354.189297,12,14588.94325
social_media,Instagram,South America,8470,500,85,8897.069139,17856.45409,16,6127.144298
email,Google,South America,8537,499,69,7958.651511,17256.60649,11,7013.036395
advertisement,Facebook,Africa,3841,826,86,7044.289686,11725.19706,17,14671.3509
advertisement,Facebook,South America,5208,998,13,1285.502426,12338.58292,7,10094.90931
email,Instagram,Europe,9733,888,11,5814.700061,8266.230573,8,15619.2174
email,Twitter,Africa,2088,675,99,1339.279524,6174.525057,7,13361.37117
advertisement,Facebook,South America,4363,957,68,8272.610354,13601.47738,25,8840.317596
advertisement,Facebook,Africa,1024,903,36,3886.52072,6475.173824,8,14762.41926
social_media,Google,Asia,7144,589,36,6061.864367,11739.1182,27,6744.105204
advertisement,LinkedIn,Europe,6668,584,88,3515.007766,19107.45798,26,13046.15575
social_media,Instagram,South America,5236,856,81,8042.501299,19292.51584,29,11557.22158
social_media,Instagram,Asia,9068,569,16,8978.52274,8589.984298,27,9018.103742
social_media,Twitter,Asia,3235,673,72,4587.782448,14361.7013,10,14060.07497
social_media,Twitter,Africa,8295,943,55,8766.301542,12111.14396,18,18070.00389
social_media,Instagram,Asia,9392,781,72,3403.675067,18135.27691,28,19983.5705
email,Twitter,Europe,9448,544,21,5811.948308,9071.462964,26,14116.44153
advertisement,Google,Europe,4747,368,22,8728.852869,5055.536102,24,11070.58811
social_media,Instagram,North America,4175,366,52,3932.932084,7438.418089,7,8378.106503
advertisement,Twitter,Europe,5897,153,26,9586.380386,10242.84202,7,8856.441341
advertisement,Instagram,Asia,6037,627,72,2096.915516,9735.816947,20,12191.82467
social_media,LinkedIn,Europe,8427,619,90,1164.475628,16870.44379,10,10509.16552
email,Facebook,Africa,9605,715,45,9137.218173,15208.40999,11,18707.21784
social_media,Instagram,North America,3014,158,94,1617.837995,9493.344794,17,10524.43201
email,Facebook,Asia,2381,924,17,9927.002764,11866.15726,29,10601.66887
advertisement,Twitter,North America,2098,139,78,9562.571758,6433.386559,19,10753.01769
email,Facebook,Asia,4426,336,99,2233.18819,18472.19667,22,17549.30316
email,Instagram,Africa,4655,485,89,5838.261631,19031.37237,19,14761.82481
email,LinkedIn,North America,8938,705,45,2664.282677,19697.05303,28,14212.53275
advertisement,Twitter,South America,1187,833,37,4853.396557,18028.29246,8,10012.14534
advertisement,Instagram,Asia,6409,815,56,1552.826163,7609.413315,22,17268.56265
email,Twitter,South America,3092,749,85,3015.32129,5692.947248,12,5575.45792
email,Google,North America,3130,399,39,4269.455168,13693.95091,20,18061.95759
social_media,Facebook,South America,6242,494,32,4947.827502,18689.0754,7,12691.2485
email,Google,South America,9549,306,25,9797.466324,7660.270425,23,10973.75352
social_media,Instagram,North America,6647,435,23,8270.790811,5105.643719,17,12457.50921
email,LinkedIn,Africa,6185,692,83,7636.689499,17082.44069,25,15011.23296
social_media,Twitter,South America,6776,829,80,5833.371833,6151.935264,9,5191.481398
advertisement,Facebook,South America,8913,613,61,8559.979845,11205.59048,17,18073.27785
email,Twitter,Africa,8547,277,46,4053.905521,15183.31006,11,11701.09288
email,Instagram,South America,8823,495,38,7380.092015,8551.963782,23,10144.4978
email,Twitter,South America,8355,470,76,9944.055778,6259.438452,28,7073.683485
email,Facebook,South America,7465,957,24,3831.66018,16550.31843,13,11591.98062
social_media,Instagram,Europe,2497,890,56,7066.157814,14452.62627,16,12444.84157
email,Twitter,Africa,3555,757,55,8598.833777,19827.35727,17,11054.70042
advertisement,LinkedIn,South America,6409,417,61,9242.26825,10164.6205,9,15179.90141
advertisement,Instagram,Africa,3951,835,28,7461.394218,5926.435794,26,11313.44793
email,Instagram,Asia,2238,468,86,3552.471311,16015.25053,16,19421.26367
advertisement,LinkedIn,Asia,5727,483,30,3936.539364,12826.00128,16,13989.16277
email,Google,South America,4965,161,73,1186.822289,8198.058971,20,17112.16903
email,Facebook,Africa,6686,905,46,7847.973799,16725.93484,18,6640.338547
advertisement,Google,Africa,4701,604,36,1384.656455,8056.332288,21,10959.36939
email,Twitter,Africa,3780,338,64,8781.871191,8909.924822,16,10052.71552
advertisement,LinkedIn,Europe,8398,294,38,2067.94553,6387.928316,16,13542.23582
social_media,Google,Asia,2588,777,29,2546.888609,10991.48419,25,17916.7028
email,Instagram,Africa,3368,321,34,5288.738237,11283.93836,7,6175.073266
social_media,Twitter,Africa,6789,160,79,7640.923737,12718.42686,16,6088.621971
advertisement,Twitter,Europe,1436,228,72,2251.019847,15634.46401,8,17754.76562
social_media,Google,Europe,3828,784,45,4960.639676,18591.51393,23,8192.751291
social_media,Google,Africa,2556,255,11,5345.66147,7066.011483,13,15031.29882
advertisement,LinkedIn,North America,8570,477,31,2910.570775,5815.221475,13,13143.17199
social_media,Facebook,Africa,8480,721,25,2040.02539,5277.968504,26,17493.40392
social_media,Google,Africa,1182,880,27,8527.788307,7154.320671,15,6876.333648
advertisement,Google,Europe,8190,967,78,5522.190848,14869.24229,28,6946.744486
social_media,Instagram,Europe,7687,889,63,1129.431124,15912.15617,8,13352.2754
advertisement,Twitter,Africa,6565,685,39,8226.831712,16797.5857,20,19195.6798
social_media,Facebook,Africa,8241,536,54,9827.144249,8655.623179,23,11224.96638
advertisement,Instagram,Africa,8651,306,28,6453.335759,9588.422199,7,9904.131504
advertisement,LinkedIn,Europe,6575,487,96,5533.375484,12247.01968,15,14100.33985
social_media,LinkedIn,Africa,2589,579,43,8905.742767,5947.746453,26,18956.72901
social_media,Google,Africa,9851,890,22,9572.651107,14167.12285,27,17553.91749
social_media,Google,South America,1159,986,52,7790.832243,19756.02551,25,19932.25416
email,LinkedIn,North America,7555,937,71,5009.076368,10412.09467,10,5338.528748
email,Google,Asia,9244,439,31,6329.992594,16292.71213,14,6692.872171
email,Facebook,North America,7846,968,61,7308.418285,12500.50873,19,14142.01645
advertisement,Google,South America,3307,439,61,2748.462139,6917.177665,10,17308.64659
social_media,Twitter,Asia,2228,303,45,5024.80929,13733.56173,15,9278.665135
advertisement,Google,Africa,8226,260,82,8468.391382,9498.114027,15,8588.166321
email,Instagram,South America,6590,639,28,6892.528136,5516.048127,28,16804.63699
social_media,Facebook,Africa,7919,491,47,4700.836605,14523.94595,24,5845.727808
advertisement,Instagram,Europe,6585,868,79,6970.262806,17883.98524,18,10540.73971
social_media,Instagram,South America,7046,776,88,2064.001709,10171.5465,16,12587.13834
advertisement,Twitter,Europe,5945,674,66,4613.478495,10854.43321,17,13405.23012
social_media,Facebook,South America,8927,633,29,8138.156842,18365.32524,13,15929.22735
email,Facebook,South America,8016,169,18,2984.579084,17204.1322,15,10322.68585
email,Facebook,Europe,8758,992,41,2673.653568,15724.29235,12,14190.26517
social_media,Facebook,Asia,6086,504,13,9557.367939,8731.955956,25,13780.63134
advertisement,Facebook,North America,8161,707,59,2889.078666,18653.24982,22,13214.24151
email,Twitter,Africa,2884,774,91,3348.267217,7316.236363,21,14607.2494
email,Google,South America,2809,690,14,9726.54345,14401.55779,13,8891.737566
email,Instagram,Africa,4167,616,29,7612.377132,5432.017708,22,6269.731304
social_media,Facebook,Europe,7352,927,96,7296.368797,14655.79709,11,6789.075081
social_media,Google,Africa,7056,219,84,8676.337455,9157.165278,22,8368.73574
advertisement,Google,Europe,3437,913,46,2042.40774,11745.15466,7,12502.96903
advertisement,Instagram,Africa,7468,789,31,7353.606129,10178.96828,25,17606.64126
advertisement,Twitter,North America,6951,787,67,5533.197484,7591.351344,11,15519.40013
social_media,LinkedIn,North America,6276,316,77,8462.355763,14329.71185,13,16835.60906
social_media,LinkedIn,North America,9859,155,53,5573.275468,18229.63333,25,10264.63436
advertisement,Google,North America,8818,465,43,6582.172188,19386.26363,28,11069.80612
advertisement,Instagram,North America,5728,798,86,5299.679138,7885.195447,11,10905.22829
social_media,LinkedIn,North America,3624,603,51,5303.430312,15760.59161,23,7878.097766
advertisement,Google,Europe,6738,843,18,7911.729803,14965.0905,28,5918.249872
email,Twitter,South America,5232,866,16,6657.097606,10150.66684,14,13863.74139
social_media,LinkedIn,Africa,6793,554,77,6699.368814,5286.48799,7,19838.25025
advertisement,Google,North America,5523,203,28,5052.542354,15346.86871,8,7502.445574
social_media,Google,Europe,6571,176,40,5779.985467,19182.42291,21,5700.272298
email,Facebook,Europe,3224,329,44,7711.458996,14481.80183,26,16692.97523
social_media,Twitter,Europe,9389,357,66,8433.468272,11529.39086,24,8788.7901
social_media,Facebook,South America,7091,363,94,7269.052619,12877.30841,17,17444.65708
social_media,Instagram,Africa,9662,430,70,9316.6569,7994.432115,16,15559.05001
social_media,Facebook,South America,7361,281,40,8382.916793,16258.16246,10,19185.10306
email,Facebook,Asia,2948,992,92,6056.774108,16196.29745,11,11133.90854
social_media,LinkedIn,Europe,8094,867,62,7042.654654,7182.759506,10,14929.54759
social_media,Google,Asia,7318,649,41,9336.774492,18169.67574,19,11972.82171
advertisement,Twitter,North America,4796,787,75,6572.512398,9037.846092,19,14458.83046
social_media,Facebook,North America,1234,126,68,8423.262532,19733.84091,24,11743.98359
advertisement,Twitter,South America,4607,375,19,7199.294532,10743.54521,8,7829.483696
email,Facebook,Africa,9043,751,11,5967.42725,7668.260881,22,12618.46124
email,Instagram,Asia,1522,398,75,3176.543759,10275.80167,7,12928.76302
email,Facebook,Africa,6904,898,69,4833.977675,11602.70493,25,17159.05772
email,LinkedIn,South America,5888,190,97,9709.685424,6039.616596,15,16032.81059
advertisement,Google,North America,6832,579,26,6919.888449,13673.27572,9,14956.87436
social_media,Instagram,Africa,8122,672,25,6079.558423,13964.4866,13,6700.806433
email,Facebook,Africa,6842,557,25,9396.60963,16083.95683,16,15809.24436
social_media,Twitter,North America,2316,550,55,6278.606029,5437.548384,7,12504.57735
advertisement,Instagram,Asia,2124,464,48,5734.742666,13118.57322,16,18411.49304
advertisement,Instagram,North America,6621,958,40,7833.797696,5793.611499,27,18798.06401
advertisement,Facebook,Africa,6423,774,97,7413.990571,15517.1633,15,5827.348859
email,Instagram,Asia,3587,450,10,2738.440076,5835.919786,21,17309.62341
social_media,Twitter,Asia,6672,754,20,5241.774471,18675.91773,21,5565.460856
social_media,Instagram,North America,2378,499,94,5252.638985,15531.2385,9,10507.54439
social_media,Twitter,Africa,4374,352,13,4404.020637,12610.84648,11,13134.49963
advertisement,Facebook,South America,2519,880,80,5655.641339,11622.55885,15,7221.511979
email,Google,Africa,6777,980,35,4717.96658,6960.089456,28,16194.70719
advertisement,Instagram,Europe,8935,902,59,2794.109405,9364.990843,15,5125.320563
advertisement,Google,South America,7093,558,21,4711.298385,18034.38658,29,7528.985727
social_media,Twitter,Asia,9418,798,90,1650.492528,18566.79217,13,13711.95245
advertisement,Instagram,South America,6355,598,84,6182.072765,5011.215626,29,15715.81343
social_media,LinkedIn,Asia,5968,607,74,8682.89094,13912.04587,18,18749.64654
email,Google,Asia,6574,403,56,7527.583759,15789.50914,15,15582.44978
social_media,Instagram,South America,5072,600,62,4243.54636,14281.20474,12,15076.68905
email,Google,Asia,3257,902,80,1783.64085,6225.196473,29,10915.1172
social_media,Instagram,Asia,9588,697,11,2819.344593,8265.873482,8,5019.266383
advertisement,Facebook,Europe,5424,265,33,5909.413064,8755.104011,15,6802.388881
advertisement,Google,Africa,4237,514,13,2863.51375,17475.86947,23,13018.31817
email,LinkedIn,Africa,4893,561,28,5895.758002,11947.99154,7,15126.94829
email,LinkedIn,Europe,3005,213,35,3084.391223,12302.42318,25,11261.72426
email,Twitter,South America,3016,532,84,8640.314825,19023.3957,12,15960.18517
social_media,Instagram,North America,2772,455,49,4575.443256,14556.28833,11,12827.93443
social_media,Google,North America,9353,794,59,3209.955634,18480.01552,8,6112.642934
email,Twitter,North America,4976,306,52,8310.935622,11847.63283,15,7880.243765
advertisement,Google,Europe,2751,867,84,4085.550683,7241.543878,20,17599.97335
social_media,Instagram,Europe,9967,334,76,2003.389191,18949.03391,10,15873.6912
social_media,LinkedIn,Asia,8430,541,21,6133.685423,11880.57674,10,18421.42981
social_media,Facebook,North America,8170,454,76,6234.07784,7724.471328,27,6763.358737
email,LinkedIn,South America,7469,614,36,7432.261077,9535.936105,21,19853.33802
email,Twitter,South America,4220,307,63,3161.974899,5762.038845,14,8141.100709
email,Facebook,North America,1539,808,75,4993.942052,12024.50887,10,5176.698144
email,Twitter,North America,2461,952,58,3541.311271,17796.92258,22,19961.34409
email,Instagram,North America,6184,224,25,1728.583625,19003.70684,27,9216.108282
advertisement,Facebook,Europe,9547,237,11,8889.524443,18989.03311,10,15020.29179
advertisement,Twitter,Europe,1234,438,69,7559.82824,6878.450384,22,7650.234713
email,Instagram,Europe,2548,636,63,3713.167535,10730.80824,28,13703.42798
social_media,LinkedIn,Africa,8480,167,39,6394.356936,5423.431395,18,18560.5248
email,Instagram,South America,5213,672,93,2811.374093,17827.48017,22,9802.717511
advertisement,Google,South America,2673,640,47,9012.129596,10381.33643,25,15053.80964
advertisement,Instagram,Asia,7708,482,37,2034.15709,14466.75542,14,7818.553832
social_media,Instagram,Europe,8982,118,34,1034.53431,15723.47657,12,14371.93098
advertisement,Google,Africa,3100,782,19,5518.07378,11447.67005,16,10046.75528
email,Twitter,Africa,4748,549,69,6248.150411,9596.635048,11,8168.123879
social_media,Twitter,South America,4173,173,51,6210.687883,19433.19365,24,9697.730761
email,Instagram,Europe,2815,672,49,1490.607347,19467.32338,16,7682.616028
email,Google,Asia,4841,764,86,3826.394262,9341.54552,16,18528.74162
social_media,Google,Europe,9016,375,51,5492.790522,12194.37645,13,10957.80329
email,LinkedIn,North America,8011,147,56,2949.212671,19592.66238,24,8679.189575
advertisement,Twitter,Europe,5493,310,46,8853.632969,5073.026115,7,11726.11762
email,Facebook,North America,1674,954,89,1783.983605,11190.17373,13,9808.042502
social_media,Twitter,North America,9088,750,31,5386.459975,6506.863245,27,16166.28881
social_media,Twitter,Asia,9578,721,66,7222.744518,12637.36948,7,19568.29868
social_media,LinkedIn,South America,3158,794,93,3355.759901,5370.049318,21,11570.50485
email,Facebook,Europe,3661,639,36,6618.166633,11103.47647,10,17915.501
social_media,LinkedIn,North America,3064,808,50,8464.466351,8310.486122,26,13487.9461
social_media,Facebook,Europe,4253,290,89,2713.032776,12999.62544,16,7358.534976
email,Instagram,South America,5979,414,43,9254.985326,19939.90474,29,15359.34113
advertisement,Facebook,South America,8703,662,41,5982.026794,17008.04158,15,12701.51746
email,LinkedIn,Africa,9931,760,99,3693.088039,17684.63137,8,14759.09785
social_media,Twitter,South America,2401,879,98,4877.724478,14528.97481,20,18345.31119
social_media,Facebook,Asia,4259,661,75,3809.726954,5623.397724,22,11606.51856
email,Facebook,North America,4923,999,21,7526.000439,8101.965141,7,18517.66435
advertisement,Google,Africa,5214,857,49,8166.705971,18875.96835,8,16260.03521
social_media,Twitter,Asia,4227,212,82,8496.436531,10491.69677,13,12329.07389
social_media,Instagram,Europe,3745,269,85,9871.914246,6554.550897,16,14048.33203
social_media,LinkedIn,North America,7091,567,99,8121.558632,15536.08049,28,9883.716988
email,Instagram,South America,4866,777,82,6412.456636,9491.865859,26,19753.9595
social_media,Twitter,North America,6818,113,19,4052.982686,9032.853694,7,15010.26745
advertisement,Facebook,Europe,3222,814,57,5901.359038,19969.66183,19,5657.702787
social_media,Facebook,Africa,3792,387,29,1369.613555,17872.08388,7,9899.328586
social_media,Twitter,Africa,5063,288,48,7703.42568,11119.06728,11,14349.71651
advertisement,Facebook,Africa,2524,254,69,5013.599906,19703.91812,22,5844.999167
social_media,Facebook,South America,9224,666,75,1180.209068,14751.69835,21,5358.26287
email,Facebook,Asia,7198,793,74,1562.562474,16130.33678,23,11750.36359
email,LinkedIn,Asia,5025,821,60,4487.198174,5472.695646,29,9990.352695
email,LinkedIn,North America,3566,987,45,6250.793671,6824.07889,22,11574.47912
advertisement,Google,South America,3803,570,33,5177.835541,14496.2769,19,8940.399648
social_media,Instagram,Africa,4709,174,36,6572.838856,18485.35974,17,7470.766204
email,Twitter,Africa,7155,376,11,5322.648329,14356.15589,23,15337.15035
advertisement,Twitter,Europe,1719,744,40,6955.334609,7010.373415,23,12718.56674
social_media,Twitter,Europe,7516,442,66,2972.134582,6736.400694,8,8002.313169
advertisement,Google,Africa,5579,524,87,2015.588685,17662.78844,19,9793.841394
email,LinkedIn,Africa,1972,670,75,6367.905592,7089.535081,20,13877.11861
email,Google,South America,4718,610,38,5362.205652,12803.47941,17,6083.440224
email,Twitter,Asia,8395,956,24,1241.808886,5556.699799,16,7211.795139
advertisement,Instagram,Europe,5402,281,21,4424.336969,6210.046511,9,6098.684062
advertisement,Facebook,Asia,5552,557,37,1955.130269,15085.22401,23,17184.75999
email,LinkedIn,South America,3207,950,93,5782.211486,15337.72116,21,16286.1385
advertisement,LinkedIn,Africa,5426,932,33,4561.999117,10122.0411,15,16299.69398
email,Google,Asia,7919,163,30,6518.3672,8234.146479,16,15744.88015
email,LinkedIn,Africa,9835,938,19,8250.419969,17205.65406,14,15040.78136
social_media,Twitter,Africa,9386,359,87,3697.018155,8256.548442,27,12154.87873
advertisement,Twitter,North America,9680,292,27,9658.918937,13130.40604,19,14634.17245
email,Google,Asia,3204,754,97,5820.710505,19523.13261,24,5575.423322
email,Twitter,Asia,6345,715,23,6564.617189,7217.786568,11,14321.96634
advertisement,Instagram,Africa,4276,505,43,7126.051359,19113.14401,12,16668.16558
social_media,Google,South America,2102,825,67,7000.583769,7743.395796,23,12505.37541
social_media,Instagram,North America,6243,853,85,5598.736687,13511.64812,17,10362.69993
email,Facebook,Africa,7614,820,31,4858.87862,10655.11568,26,9161.401022
advertisement,Instagram,Europe,9707,192,79,1484.037678,19473.92902,22,14642.03075
social_media,Facebook,Europe,6223,529,45,1198.772608,9103.130435,15,15392.01798
advertisement,Facebook,North America,9584,753,54,4221.650751,10994.87003,8,18064.514
advertisement,Instagram,South America,1630,533,45,4002.948016,19742.90177,11,10135.01124
email,Google,Africa,7683,503,31,4489.256394,13047.05587,7,16546.58461
social_media,Twitter,Asia,1277,533,87,2245.313808,12539.45173,10,13420.33736
email,Twitter,North America,1232,211,89,7643.514435,8866.677323,10,18242.54736
social_media,Facebook,South America,6690,474,70,8712.679733,15520.4534,28,12917.18162
social_media,Facebook,Asia,8659,158,65,9448.431718,5215.594277,9,12764.44743
social_media,Google,Europe,1025,142,98,5431.260732,5742.689446,15,13668.15622
social_media,LinkedIn,Europe,8468,306,42,7307.791292,13990.37881,28,16239.73033
social_media,Instagram,Asia,7410,879,54,8699.960111,10125.11861,29,19470.35718
advertisement,Facebook,North America,9652,395,45,4764.62,19299.74558,18,6103.450313
email,Twitter,Europe,4764,217,29,3784.715154,18547.86036,16,5801.519036
advertisement,Google,Africa,7599,631,27,9430.521003,15705.59388,8,19063.25506
social_media,Instagram,Asia,6102,321,47,5641.08896,17272.18372,17,12948.13438
email,Google,Asia,8006,265,76,5475.284979,15009.97775,16,14223.54522
social_media,Instagram,Europe,4483,742,32,2605.744869,6883.731541,28,12236.35402
email,Instagram,North America,2994,255,25,1973.395131,16483.15055,12,6404.861789
advertisement,Facebook,Africa,9682,283,68,8578.961762,8152.879531,24,16521.34068
email,Google,North America,2072,189,78,6527.198586,9851.642827,8,16208.36968
email,Google,South America,7707,193,77,3932.421256,17288.51318,8,9675.549822
email,Twitter,South America,1215,112,30,2725.625957,13047.88413,16,9593.588678
email,Twitter,Europe,8605,933,87,5999.475522,17899.11071,22,17567.62071
email,Facebook,Europe,3606,904,87,6255.273603,8195.529798,18,6085.358866
social_media,Facebook,Europe,9350,841,79,2862.942411,14116.67658,7,18216.57723
email,LinkedIn,South America,5781,933,21,8662.651731,6256.864588,27,8849.925348
email,Twitter,North America,4313,903,25,1758.379295,14645.9149,14,13894.77122
advertisement,Instagram,North America,8763,537,90,4204.837766,16438.01057,22,19039.91269
email,Google,Europe,6939,637,96,7123.459724,13773.96341,24,15171.83752
advertisement,Facebook,Africa,3295,686,23,3467.083274,8993.472522,19,11216.44719
social_media,Google,North America,6685,975,70,8449.076753,5470.140033,21,15343.01313
email,Google,South America,2696,910,80,7658.810439,6791.733259,27,10159.69454
advertisement,LinkedIn,Asia,2946,249,55,8101.205601,14334.54469,18,9158.876245
advertisement,Twitter,Asia,3783,759,41,2071.958823,19016.30325,14,19950.24917
social_media,Facebook,Asia,4644,107,24,2264.924152,8098.01606,16,16261.85347
email,Google,Africa,6241,128,53,3578.26364,16025.39224,20,14670.79966
email,Facebook,Europe,7420,395,26,5662.694487,17996.76595,11,10329.34465
advertisement,Instagram,South America,8557,820,50,7732.14469,12813.23268,24,5737.412437
email,LinkedIn,Africa,3645,739,63,8528.778017,15038.98694,25,5465.853141
advertisement,Instagram,South America,7589,439,53,7339.017844,17225.22975,21,13312.71883
email,Facebook,South America,7353,727,14,9357.371934,8910.127366,12,16430.49082
advertisement,Facebook,Europe,2932,538,36,7648.691587,9453.435114,17,13060.68786
email,Twitter,Asia,2757,243,96,3756.410983,5009.412749,27,17611.77608
social_media,Google,Europe,6085,929,87,3385.731559,19446.41196,17,5501.397996
email,Google,Africa,6637,846,88,7265.732053,18763.17342,26,10501.28115
email,Instagram,Africa,2116,618,52,2735.835118,16468.52396,26,8556.055868
social_media,LinkedIn,Africa,1492,144,40,1834.433297,6186.140315,27,11709.09452
email,Google,Europe,9811,338,26,5790.005874,11712.54335,24,6085.645898
social_media,Twitter,South America,8888,254,92,8394.774128,6528.37631,24,19311.97462
email,Instagram,South America,7474,280,63,1912.418582,5238.804009,16,8348.831016
advertisement,Instagram,North America,5958,314,71,8127.021914,14242.74448,8,18834.61663
advertisement,Twitter,Africa,3743,187,96,8304.148039,19412.44126,15,11388.39733
email,LinkedIn,South America,8866,355,41,5340.466001,18543.02035,20,19782.862
email,Twitter,North America,8160,610,49,1515.79279,15451.32222,25,13310.87575
email,LinkedIn,South America,6451,172,22,2571.308661,6449.608762,16,18962.49296
advertisement,Twitter,Africa,6258,278,93,7366.836476,9112.460565,29,5080.23483
email,Twitter,Asia,9548,311,44,7406.001505,9800.850903,10,16223.58209
advertisement,Facebook,Africa,8186,904,14,9085.197477,16447.25087,12,18545.7598
social_media,Instagram,Europe,7102,333,82,6244.175319,17033.73769,20,7095.808505
advertisement,Twitter,South America,1619,564,38,2116.966309,10776.59184,10,6441.887776
advertisement,Twitter,South America,1882,850,79,2092.73415,11268.25995,21,11368.58911
social_media,Google,Europe,9988,322,34,7490.191216,5667.635589,22,19005.18359
advertisement,Instagram,Europe,4642,730,31,2654.061986,9337.050776,13,13135.7984
email,Google,Asia,2296,924,75,3955.469497,11769.27766,23,12911.84696
email,Instagram,South America,9436,363,54,5384.908062,6754.745696,25,7116.891774
advertisement,Google,South America,3895,306,78,1222.883898,11799.01191,25,5011.842666
email,Twitter,Asia,7593,706,98,3239.371243,17797.63718,23,17152.10136
advertisement,Twitter,North America,1929,984,81,4671.006477,13719.8153,12,6313.618445
email,Facebook,Asia,6366,833,10,3516.726866,6183.947826,17,14507.74728
email,Google,Africa,9711,465,93,2227.332947,7875.069782,22,18719.24682
advertisement,LinkedIn,South America,4212,375,53,7552.11032,12118.16525,14,8129.778697
email,Facebook,Europe,3409,479,96,8318.328897,10422.30725,17,14979.09254
advertisement,Google,Africa,9199,842,84,3317.310785,10380.90529,13,6180.478651
email,Google,South America,4423,408,48,7969.775451,12939.01172,28,14056.32716
email,Facebook,Asia,7976,730,63,4469.98208,13765.93882,25,7458.975814
social_media,Twitter,Africa,8594,367,97,5560.172118,16952.92355,16,16039.30341
social_media,Google,South America,6158,884,84,8704.009674,10114.49845,15,9518.469422
advertisement,Twitter,North America,4667,163,38,7749.583136,17081.99425,10,11950.86513
social_media,Facebook,North America,6973,909,63,8246.051662,10079.16844,29,13991.45813
advertisement,Twitter,Europe,7236,449,99,2231.606499,5831.494834,21,7569.10116
social_media,Instagram,South America,9277,593,25,1627.474833,13312.81477,19,16124.56728
email,LinkedIn,North America,3468,622,29,9040.642562,13818.53487,8,9539.60511
advertisement,Google,Asia,7217,197,55,4490.508426,19018.10368,8,14935.5779
advertisement,LinkedIn,South America,4619,170,76,3590.917103,15890.91989,22,7374.24576
email,Twitter,Asia,2636,463,74,7522.266288,18766.58979,15,15321.76489
advertisement,Google,Asia,9155,669,67,8527.740369,18625.20815,19,6922.821092
advertisement,Twitter,North America,4583,901,62,8762.406597,14068.61165,9,11380.34744
social_media,Instagram,South America,5009,862,10,3843.97427,12916.43098,15,8708.091106
advertisement,Facebook,Africa,4326,375,90,8669.911521,13361.61451,19,16225.62874
email,Google,North America,9148,149,75,1368.405499,19674.96212,27,8930.525068
social_media,Instagram,North America,3217,457,38,1446.953423,16597.51538,28,18225.7596
social_media,Instagram,South America,5967,827,93,6611.672757,6593.988572,8,18377.30317
email,Google,South America,3369,663,79,1567.957322,16676.4261,14,7946.619728
email,Twitter,Asia,4638,882,17,3921.482517,7558.070733,15,14207.68918
social_media,Instagram,South America,6722,584,38,7054.803876,11710.25824,22,6315.764626
advertisement,LinkedIn,Asia,5444,183,60,4035.402064,8156.895083,8,10873.05649
social_media,Instagram,North America,8618,998,42,2616.398033,15343.74598,12,15699.82594
email,Twitter,Europe,4947,904,12,3532.155597,18159.64604,28,14891.3487
social_media,Twitter,Africa,2676,737,69,5118.17799,9355.428281,14,14370.51004
email,LinkedIn,North America,2196,907,44,5278.472698,6230.161118,11,9238.112955
social_media,Instagram,South America,3787,683,78,8047.002082,9477.396471,15,10670.37424
advertisement,Twitter,Africa,8432,395,85,7751.379065,15085.42787,7,6544.192171
social_media,Google,Europe,8927,335,93,5111.360241,9931.401913,15,15785.34231
social_media,Facebook,Europe,4318,155,29,8611.006142,9171.682513,16,12558.33195
email,Facebook,Asia,9858,459,82,2028.134247,7766.527859,29,15631.48449
email,Facebook,Africa,7689,209,48,3298.180152,12462.7464,10,8734.152872
email,Instagram,Asia,3176,291,13,8451.788172,9139.232422,9,9866.57343
social_media,LinkedIn,North America,4743,192,28,4401.946348,15965.15524,16,10013.23006
advertisement,Twitter,Africa,9792,961,54,9830.634029,6149.33603,21,5386.136146
email,Google,North America,5422,667,52,5196.279534,14960.4955,17,10115.71809
email,Google,Asia,4824,159,22,8127.420607,8563.400219,20,17049.5686
social_media,Instagram,Africa,3451,749,22,4620.763372,12339.18892,12,18459.47744
email,Facebook,Asia,1628,138,69,4824.581672,9291.34883,18,12773.27473
advertisement,Instagram,Africa,8778,639,66,4445.948326,15841.53014,19,11832.52543
advertisement,LinkedIn,Asia,4696,148,95,7471.680585,19179.6056,23,5462.36928
email,LinkedIn,Europe,4674,519,61,5927.660957,18756.15169,22,18188.06506
email,Twitter,Asia,4929,736,62,9494.003002,13751.39323,9,5195.153201
social_media,Twitter,Europe,3765,112,95,3258.012849,11939.15455,8,19171.2512
advertisement,LinkedIn,Asia,5369,135,52,1905.064589,17274.50764,17,12338.24373
advertisement,LinkedIn,Africa,9307,200,92,4539.353366,15249.89544,15,10129.0174
email,LinkedIn,Africa,5956,893,81,6550.414369,7753.461713,9,18863.27652
social_media,Instagram,Africa,1692,185,81,8747.190432,17313.7882,24,5365.864897
advertisement,LinkedIn,South America,4162,615,51,4115.77198,11433.26584,26,13721.37342
advertisement,Google,North America,2105,322,99,6884.08076,7834.7849,21,13233.98787
social_media,Facebook,Africa,4008,437,35,4151.788129,9226.960256,20,8289.806018
social_media,LinkedIn,Europe,3161,265,32,6554.976247,9012.905454,8,11433.31147
advertisement,Facebook,Africa,9345,482,52,8963.271523,12788.10462,23,14783.96009
advertisement,Instagram,South America,4699,955,86,3082.21878,8515.55136,28,15906.96795
social_media,Facebook,Europe,4786,994,37,4638.174779,6853.497311,14,5010.752881
advertisement,Instagram,South America,5200,475,18,9939.386768,6855.362759,16,19052.80145
email,Google,Europe,2913,570,29,8817.013254,13749.14296,24,7467.880586
email,Instagram,Asia,6520,889,65,6081.758721,16021.38933,25,8503.706513
social_media,Instagram,North America,2772,741,92,5649.648327,9822.995133,14,8952.101685
social_media,Twitter,North America,3780,130,48,3561.403441,5519.760647,14,5567.302048
social_media,LinkedIn,South America,8423,474,60,5654.884849,6908.373304,9,6845.781854
email,LinkedIn,North America,3871,110,21,8633.633485,18720.41841,9,19795.24884
advertisement,Google,South America,1660,401,88,7166.57062,12403.15489,18,9728.251061
email,Google,South America,7242,195,64,3610.396254,11803.59214,28,6729.516355
advertisement,LinkedIn,South America,2132,289,87,2813.175289,5570.737675,23,6604.868918
email,Twitter,North America,1699,552,20,3386.876833,15929.55533,10,15791.89952
advertisement,LinkedIn,South America,8470,291,35,2527.832813,12921.02121,23,17818.52996
email,Twitter,North America,7297,585,51,1860.766264,8031.214041,20,8854.284493
social_media,Google,South America,8812,365,36,4772.22557,6651.106403,25,5313.642685
email,Facebook,Africa,5557,523,20,2019.69644,10750.81795,15,8346.350277
advertisement,Google,South America,3179,227,47,2547.21302,17557.42946,27,5847.735362
email,Google,Europe,9275,337,52,5925.922159,17979.41839,18,6550.924049
email,Instagram,South America,2422,454,28,2481.393463,14042.69571,11,11472.6218
email,Instagram,Asia,4180,211,73,1574.917907,15913.04641,17,8448.775563
social_media,Instagram,South America,5316,927,15,3856.49965,6727.336811,26,12739.18818
email,Instagram,Europe,7696,545,55,2982.871888,13821.89098,9,8802.406299
social_media,Twitter,Europe,1614,442,51,5637.746692,15004.48555,27,19108.05952
social_media,LinkedIn,North America,5570,244,74,1921.303761,8010.692644,21,18589.15952
email,Facebook,Africa,1270,164,81,7765.937089,18202.32099,20,13502.09158
email,Google,South America,3468,346,68,9156.101675,7924.951063,17,10316.35988
email,Twitter,North America,4607,834,61,7690.916566,9702.160398,26,10717.20323
advertisement,Facebook,Africa,4075,589,56,5795.443337,14308.35271,14,11177.78425
email,Twitter,South America,1289,924,16,8746.010396,14575.25098,10,15913.68983
social_media,Twitter,Asia,9120,538,20,7254.265418,15490.77111,18,11774.58493
email,Google,South America,7614,205,70,1094.960102,6680.175696,14,17850.9492
advertisement,LinkedIn,Europe,4252,280,77,4546.811375,17741.96645,12,19161.42179
email,Instagram,Europe,8415,283,34,8658.567095,12992.70698,21,10039.1923
advertisement,LinkedIn,Asia,7771,325,21,4112.729722,12069.82691,18,13410.41722
advertisement,Google,North America,1278,876,35,1316.936562,19716.46437,22,6425.848052
email,Google,Africa,1580,889,21,7715.616747,16105.67445,22,8007.035716
social_media,Google,South America,5958,188,52,8218.344433,6770.090399,27,11201.9865
advertisement,Facebook,Europe,9445,787,60,2445.343255,16348.08751,26,8093.040739
email,LinkedIn,North America,5276,629,46,5836.064472,6428.73401,26,18148.40736
email,LinkedIn,Asia,8997,470,55,2727.598951,5412.058438,10,7374.293841
social_media,Twitter,Europe,5776,498,62,7473.109771,11054.38843,17,11834.91232
advertisement,Twitter,Asia,1824,205,97,3443.954097,19903.67259,19,14085.48861
advertisement,Twitter,South America,4832,370,89,3845.936103,7623.259043,15,15377.95862
email,Google,Africa,9891,930,22,8604.737683,15089.66515,10,10746.04055
email,LinkedIn,Europe,6445,602,98,5286.90117,7600.940993,18,18036.48603
social_media,Google,Europe,2380,778,63,7027.790061,15871.80462,15,13524.78727
social_media,Facebook,South America,7534,624,66,4621.357457,12580.30502,19,11592.61671
advertisement,Twitter,North America,4156,948,13,3682.061715,15199.57565,22,6008.609511
advertisement,Google,Africa,5307,131,84,6629.302544,8043.097639,12,11970.34203
email,Google,Europe,6634,492,58,2393.718167,16184.42499,16,17311.03761
advertisement,Facebook,Africa,9575,139,16,4356.99852,19934.28589,19,14218.11527
social_media,Instagram,Europe,6810,759,20,2881.333336,14984.75751,13,17482.43681
social_media,LinkedIn,Africa,9533,317,63,7262.154702,12402.19997,25,12410.17506
email,Instagram,Asia,6934,830,96,9497.879545,18847.60983,25,6776.925576
social_media,Twitter,Europe,4109,181,54,9959.598712,5237.777633,23,5204.597688
social_media,Google,Africa,5082,944,32,5052.491294,15948.85279,19,9548.293201
social_media,Facebook,North America,4240,819,37,3272.773507,18331.19775,19,15469.85707
social_media,Facebook,Asia,7028,300,66,4985.464333,5925.118754,27,16853.89856
email,LinkedIn,Asia,2849,546,35,8625.42469,11750.96256,8,9436.292519
email,Instagram,North America,9497,943,34,2854.051107,8070.791809,16,12434.80881
advertisement,LinkedIn,Africa,3749,527,63,9568.860865,13497.77248,28,11316.78357
social_media,Google,South America,7680,137,38,4076.791919,14743.14438,19,11157.84177
advertisement,LinkedIn,North America,1205,310,92,9872.232935,9539.347744,15,8470.230698
email,Facebook,Africa,8352,543,45,8547.479988,11899.72505,7,7045.566575
email,Facebook,North America,5591,426,23,8277.134807,9190.092279,20,7950.328373
email,Twitter,North America,4450,860,87,3861.142064,10540.86747,22,5829.985807
email,Twitter,Europe,8214,326,44,1078.994908,7393.09935,26,7971.961127
email,Google,Africa,4811,147,39,4439.196179,18283.39165,21,5138.013464
email,Instagram,South America,6141,117,26,3716.284327,5150.156158,7,14408.87601
email,LinkedIn,Europe,9501,538,76,1336.572914,18236.1378,23,9745.631111
social_media,Google,North America,3708,906,89,5548.287309,13575.18318,19,19597.17067
advertisement,Twitter,North America,2991,807,39,4627.281802,9974.867663,21,7905.755762
email,LinkedIn,North America,9463,286,54,6711.00821,15845.85688,22,10187.42855
social_media,Twitter,Africa,4273,444,88,6590.6769,12616.28228,22,10367.61738
social_media,LinkedIn,Africa,5538,323,98,2086.719723,12486.62987,8,5126.772441
advertisement,Instagram,Europe,9712,929,60,9792.689915,6652.134244,23,17588.1193
email,Google,South America,4722,587,56,2682.382865,10842.74039,17,5479.916902
advertisement,LinkedIn,Europe,4551,976,62,5007.466223,8615.965188,14,19102.69752
email,Facebook,Asia,3832,948,73,5393.057891,5235.438584,26,18381.11527
social_media,Facebook,North America,6679,328,47,8317.565175,10401.49446,9,13032.82874
social_media,LinkedIn,North America,7579,489,73,1893.066365,6347.331941,18,13153.93362
social_media,LinkedIn,North America,1152,688,96,4857.798513,8852.450566,26,14806.66884
social_media,LinkedIn,Europe,6754,287,98,6656.519532,6387.749318,22,10805.75018
advertisement,Facebook,Europe,3800,957,16,2936.400595,6514.124383,20,14708.33425
email,Facebook,North America,6310,369,31,6647.211089,7985.169416,22,5671.52583
email,LinkedIn,Europe,3610,706,90,9312.983538,19997.73867,27,5810.71441
advertisement,Twitter,Africa,2104,409,91,9977.663181,5032.762143,23,11858.45629
email,Twitter,Africa,8361,231,50,1292.059691,14580.08954,17,13244.33452
social_media,Instagram,Europe,5199,650,83,3120.294054,7118.65547,23,18317.26461
email,Google,North America,4854,171,19,3792.764042,18809.42205,25,6569.909509
social_media,Twitter,Europe,8263,892,66,4592.134904,6404.4934,28,17339.71891
advertisement,Facebook,Europe,2914,944,16,3180.314418,19325.94781,7,8150.710059
email,Twitter,Europe,8365,771,59,2831.391951,14163.89581,18,10911.25473
advertisement,Instagram,Asia,4072,286,61,9590.984582,5019.021154,21,9749.036522
email,Instagram,Africa,1406,585,42,9266.694425,18410.10797,24,11002.32909
social_media,Google,South America,1166,290,10,1422.932509,12825.67702,29,7257.432471
advertisement,Twitter,South America,1508,521,62,4049.317194,8940.04603,20,12553.55112
email,Facebook,Asia,2661,219,69,4646.336983,16509.18766,7,17024.63885
social_media,Facebook,Europe,4664,319,43,3151.130812,18899.98331,19,11623.01016
advertisement,LinkedIn,Asia,4489,152,13,6659.856073,12255.36235,21,12359.20364
advertisement,Facebook,Asia,1680,833,26,6763.42672,9733.302117,13,17731.51378
email,Google,North America,3524,550,13,8654.538055,16834.17686,21,15590.87172
email,Google,Africa,3120,511,52,7667.823415,15226.78247,26,12356.81613
email,Facebook,South America,6260,742,99,5883.159943,18331.28726,16,8865.434723
social_media,Facebook,Europe,5357,336,13,6882.28093,15387.71019,20,18273.9012
email,LinkedIn,South America,2363,857,10,3465.899034,8652.925083,12,13655.30603
advertisement,Facebook,South America,3292,837,80,6337.50571,18974.88875,20,8317.214152
advertisement,LinkedIn,Africa,2538,819,59,5403.045293,6572.536208,28,9036.79629
email,LinkedIn,South America,4408,505,82,2200.100206,9019.141252,18,17046.99633
email,Facebook,South America,8742,707,70,3182.898489,12802.91912,17,5662.183431
advertisement,Instagram,Asia,9752,521,44,3625.241056,13486.13039,26,19881.38281
social_media,Instagram,Africa,2903,811,17,9318.786103,5229.658799,28,6955.275196
email,LinkedIn,North America,1174,346,33,3073.479754,16708.59089,25,16941.02788
email,Facebook,Europe,3230,171,92,3603.195125,10424.10978,8,10921.62975
advertisement,Instagram,South America,5287,929,45,4324.187171,11096.27812,28,12383.24275
email,Facebook,Europe,5160,284,59,6973.684648,17140.54317,26,18209.75866
social_media,Facebook,North America,8106,105,52,2064.145532,10689.25088,7,11193.66784
advertisement,Facebook,Europe,4171,305,36,9585.506912,5708.373147,14,13062.40631
email,Twitter,North America,2567,643,41,8790.140981,7646.596557,20,5739.494936
advertisement,Facebook,Asia,2151,710,87,6194.944657,19338.54759,15,5035.212108
email,Twitter,South America,8619,486,27,7066.340807,6056.080436,8,8671.998095
email,LinkedIn,North America,7033,867,37,1149.944241,10323.96801,29,15208.74639
email,Instagram,Europe,9560,798,38,4050.502978,12547.68751,11,6818.9734
social_media,Instagram,South America,5946,175,25,8160.942076,12399.21241,29,6706.429382
social_media,Instagram,Asia,9234,276,56,1697.346764,5059.399145,14,11164.40912
advertisement,Instagram,South America,2907,926,68,3540.824508,12517.44097,22,14717.55558
email,Instagram,North America,4490,898,40,6267.671455,10756.58687,28,15681.07988
email,Instagram,Asia,3535,448,13,3307.717249,19581.19003,22,7676.760111
social_media,Instagram,Europe,5173,354,46,9405.801767,7387.38626,19,6193.822211
email,LinkedIn,Asia,2293,936,26,2179.527677,10312.31295,26,19105.95551
social_media,Facebook,Asia,5769,801,48,8176.549221,11292.22228,21,8909.995738
email,Google,Africa,5796,407,57,5571.538227,10860.40306,7,17800.19746
advertisement,Twitter,Asia,7871,444,55,7752.976982,14987.46241,28,17952.37176
email,Google,Asia,3972,226,99,3796.437955,8232.692863,9,16587.83888
email,Google,South America,4922,386,57,5630.406421,8316.073292,12,7532.5041
social_media,Facebook,Europe,5997,865,48,8711.518148,15938.16423,28,17327.02189
email,Facebook,South America,8032,824,13,5201.902892,12504.35778,20,16538.75839
email,Facebook,South America,1992,861,39,4237.478757,11227.33514,10,13950.84485
social_media,Instagram,North America,9112,695,39,5825.398476,7538.045775,24,10058.03053
advertisement,LinkedIn,South America,6287,586,31,7456.264777,7812.908344,21,8937.629064
advertisement,Instagram,Africa,3240,482,84,4992.070109,5158.274552,15,6828.338181
social_media,LinkedIn,Africa,2476,505,75,9449.892776,6371.394033,24,12646.356
social_media,LinkedIn,North America,7426,487,21,3654.512416,13352.58042,9,13778.91313
social_media,Google,Europe,1389,624,45,5279.172456,18378.09695,16,10390.08486
social_media,Google,Europe,1999,656,27,7812.348934,9307.471477,23,12130.38602
social_media,LinkedIn,South America,2855,738,99,7202.089814,9916.208388,13,10452.71686
advertisement,LinkedIn,South America,9125,725,62,8772.769472,6734.084159,21,14615.09086
advertisement,Instagram,South America,9850,375,80,9971.282626,10829.46418,7,18518.88812
social_media,Instagram,Europe,3763,599,10,4841.724959,5558.325569,17,7458.803931
email,Google,Asia,4663,816,67,2000.357918,18764.01044,23,10721.13215
social_media,Facebook,Africa,5986,436,99,1273.742927,15096.67022,11,7113.029059
email,LinkedIn,Asia,2481,580,96,7541.892155,19861.23214,13,14374.15656
social_media,Instagram,Asia,8256,996,99,8866.123042,18242.34744,25,15933.05764
social_media,Google,Europe,4731,372,15,2986.413273,12094.85891,21,18978.69099
advertisement,Instagram,Asia,8262,157,79,2426.032335,12795.27547,9,9183.078894
email,LinkedIn,North America,1451,427,53,1559.845824,7858.640698,21,19253.16809
email,LinkedIn,South America,4093,830,81,8404.326295,11930.59014,11,5948.940077
advertisement,Twitter,North America,1882,208,33,3802.437459,18545.4181,29,14045.20795
advertisement,Facebook,Africa,5408,378,95,4615.272035,5762.801355,18,5856.99079
advertisement,Twitter,South America,5068,785,28,5524.751724,17953.35204,26,18406.61282
advertisement,Google,Asia,4277,427,27,8555.079108,10114.21702,11,12947.13586
email,Instagram,Africa,9566,875,39,6857.498994,18492.69148,9,15040.22526
email,Google,South America,8951,414,51,6535.581669,19113.1986,15,17473.60889
social_media,LinkedIn,Asia,5690,573,42,2581.0489,15062.97331,15,7254.659337
social_media,Twitter,North America,5595,210,83,5618.709025,14966.3568,13,5578.873429
advertisement,Twitter,South America,5559,798,21,7438.429155,11791.31507,8,18183.21719
advertisement,Twitter,Asia,8291,880,36,9759.347947,17533.10337,29,9723.998412
advertisement,Google,North America,9160,328,48,2812.656783,19424.19138,29,6934.683619
social_media,LinkedIn,Africa,1112,596,18,1085.890178,16626.22701,27,12026.91856
social_media,Instagram,Africa,6131,255,30,1677.712902,14329.05101,22,13974.59114
social_media,Instagram,Africa,4197,572,85,4382.672187,14101.89344,15,5464.559051
social_media,Google,Africa,1139,800,38,8384.90183,17742.04852,19,9123.434874
social_media,Twitter,Europe,2424,371,42,1064.278736,13118.05649,25,5491.998114
social_media,Facebook,South America,3949,986,71,5110.575336,17057.89829,26,11305.03084
social_media,Google,South America,4168,101,24,3963.075538,12633.27883,23,18426.50044
advertisement,Google,Europe,9708,857,11,1472.335391,5936.664125,12,19739.78617
advertisement,LinkedIn,Asia,7043,821,61,5052.12658,10759.20513,10,14555.7133
advertisement,Instagram,Asia,7989,610,53,3292.738366,11666.61437,7,7424.565407
advertisement,Google,Africa,8236,385,63,4166.963509,7124.258675,24,18587.74085
social_media,Google,North America,7261,970,27,7350.537743,6537.444938,25,12743.71735
email,Twitter,Asia,1887,112,12,5693.958855,13031.97424,15,7306.239682
social_media,Twitter,North America,4104,707,16,2121.826861,6277.154548,19,18825.90004
email,Facebook,South America,1049,597,52,9652.730864,9544.177518,14,16362.03576
advertisement,LinkedIn,North America,4951,832,91,6723.196891,16168.95464,29,15975.57909
social_media,Facebook,South America,4560,337,47,7892.815831,19466.48269,19,15637.71056
advertisement,Twitter,Europe,1018,193,46,1712.91835,15768.05871,21,8005.097316
social_media,Instagram,Europe,5821,437,67,1423.525415,19889.38323,17,8165.100376
advertisement,Twitter,Africa,7340,880,42,1175.032453,15475.06957,18,15324.39498
email,LinkedIn,Asia,9058,270,68,2699.14625,9406.91706,20,8295.841252
email,Twitter,Africa,3606,705,20,4729.675579,15080.78811,10,11580.07545
email,LinkedIn,South America,8846,760,77,9422.435201,15532.35148,7,16730.02738
social_media,LinkedIn,Africa,9643,723,91,5113.536933,10575.90477,10,16759.28777
email,LinkedIn,North America,7432,666,77,3612.295948,5265.707759,25,11798.92659
social_media,LinkedIn,South America,4765,948,97,6057.417282,15547.99677,15,16882.84907
email,LinkedIn,Europe,3438,566,31,2007.411203,5325.501429,16,17579.32694
email,Instagram,Asia,7358,727,75,6485.553019,14467.82117,10,14821.63627
social_media,Facebook,South America,9319,242,53,6115.887589,7454.247331,26,8426.387785
social_media,Google,South America,6941,300,15,8127.937301,13484.05292,15,9110.176706
email,Facebook,North America,8644,279,51,9880.188505,12558.69538,19,9722.617331
social_media,LinkedIn,Asia,5855,813,34,3257.861245,5202.704635,18,6752.061616
email,Instagram,Europe,7547,463,66,5586.908057,10442.98725,17,9097.394306
social_media,Twitter,South America,8196,578,94,9179.788657,14016.36751,18,8142.788365
advertisement,Instagram,South America,6911,664,64,8066.70896,17729.09828,24,11829.93125
advertisement,LinkedIn,North America,7481,570,25,5386.656728,18329.63171,18,18626.56322
advertisement,Instagram,Africa,3761,483,23,9508.344847,12257.74955,22,6567.204751
advertisement,Instagram,Europe,5456,791,48,1515.130242,15926.33731,11,15804.01886
advertisement,LinkedIn,Asia,7361,516,37,9378.987577,9746.818648,26,15309.24507
email,Instagram,South America,6693,924,60,1454.566531,10132.79609,18,6436.31298
advertisement,Google,South America,6788,407,58,5925.742697,7916.952788,27,18838.58607
advertisement,Google,Europe,1201,748,18,9013.968532,13429.22165,17,13527.08303
advertisement,Instagram,Africa,7160,793,67,3364.488492,9718.462264,15,10455.88282
advertisement,Twitter,South America,1517,466,54,5250.236491,6265.563447,24,16348.07875
social_media,LinkedIn,Europe,8737,100,31,3918.959912,15275.0913,9,8860.481876
email,Google,North America,2988,143,41,9569.295254,15616.29811,26,15402.64756
advertisement,Twitter,Africa,4802,838,78,8412.810353,10399.88628,23,5595.668114
advertisement,Instagram,Asia,6808,942,96,7381.013602,6150.850992,20,17591.12056
advertisement,Twitter,South America,8162,197,78,6288.64288,11394.46576,7,11722.56271
email,Facebook,Europe,7241,819,51,8385.326104,11635.03187,23,14550.39372
social_media,Google,North America,9399,364,62,4530.403374,15030.06327,14,8318.567297
email,Instagram,Asia,6633,899,68,5027.966696,9731.245869,11,15156.10569
social_media,LinkedIn,Europe,6755,882,83,7570.01549,15238.9892,11,16583.60414
advertisement,Instagram,Europe,7309,239,48,4219.79287,18072.32813,15,12098.1978
advertisement,LinkedIn,Asia,5117,580,24,1575.108478,8562.290635,9,14265.90386
email,Instagram,North America,9345,336,80,1669.01148,19683.79334,25,11844.88886
email,Twitter,North America,2518,171,38,2038.265212,10795.52206,29,18411.37054
social_media,Twitter,Africa,7163,766,12,8827.13191,9008.880277,15,12468.03771
social_media,Twitter,South America,3600,289,92,5250.037832,11322.66774,28,17627.13064
email,Facebook,Asia,3195,367,19,7415.941324,6415.962139,24,17020.28087
social_media,LinkedIn,Asia,4554,420,38,4536.18402,6885.588598,22,11157.57232
email,Twitter,Asia,3849,206,88,3328.398527,11216.5107,7,8451.267378
social_media,Facebook,North America,2742,331,44,4124.729508,16436.66783,8,11091.23199
email,LinkedIn,South America,2306,141,15,8147.641108,18504.68359,20,17393.26064
email,Instagram,Africa,4849,801,21,6626.945125,14972.26986,20,8414.488037
email,Facebook,Europe,8519,982,47,9438.75802,6578.293329,7,12866.54519
social_media,Google,Europe,5195,238,86,7117.343007,15080.29643,22,17091.45122
social_media,Facebook,Asia,6178,714,28,6131.634686,14531.41881,21,10302.16213
social_media,Facebook,South America,3555,782,76,6491.764081,17086.45877,21,14633.14456
email,LinkedIn,North America,3305,962,17,9481.342955,17378.73,18,8684.473611
social_media,Instagram,South America,8619,372,17,8093.808369,18023.04614,22,6639.191681
social_media,Google,South America,3642,580,93,1216.371136,11211.97272,20,16915.76338
email,Twitter,North America,7409,515,56,5807.257265,15467.96593,21,6484.529351
advertisement,Twitter,Asia,5757,605,13,7195.045704,9023.755384,29,9070.720926
email,Facebook,South America,3994,832,60,7738.286306,19990.0442,21,17826.64133
social_media,LinkedIn,Europe,9751,824,94,2918.279074,7630.013621,25,10197.03931
email,LinkedIn,North America,2271,952,76,8804.59619,5151.716475,14,19595.68024
advertisement,Twitter,Africa,2813,523,54,9602.588325,7232.130718,8,19696.01502
email,Google,Asia,9801,506,17,3130.437753,16638.08434,8,9024.140307
social_media,Instagram,North America,3461,667,96,8943.539118,11701.75515,16,5614.673334
advertisement,Google,Africa,5120,489,25,1872.808863,11712.50372,9,15575.94926
social_media,Instagram,Africa,7124,441,86,1501.361525,19325.34379,29,11764.79754
advertisement,Twitter,South America,9475,713,76,2163.014201,18794.52362,23,6511.292659
advertisement,Instagram,South America,5396,592,18,1519.669715,9667.921067,14,15612.84228
email,LinkedIn,South America,1816,291,69,8605.110134,8135.871932,29,5467.623637
email,Facebook,North America,8304,598,87,1531.4513,17727.23315,10,18052.95036
social_media,Facebook,North America,8331,921,86,3444.977722,18590.28607,20,7079.787937
email,Twitter,Asia,1082,811,80,1933.807092,13123.95384,27,6909.678181
email,LinkedIn,South America,2920,332,24,3658.798327,14441.35567,16,7635.08447
advertisement,Google,Africa,8817,326,80,1815.035208,8853.71427,7,19403.99538
email,LinkedIn,Europe,3093,470,50,7012.029257,17012.04032,10,15397.5404
advertisement,Facebook,Asia,8071,238,31,2199.941347,14481.83643,7,17020.57303
advertisement,Facebook,North America,8967,955,33,8666.613333,12552.70267,23,10964.52479
advertisement,LinkedIn,Asia,9367,916,53,8354.719457,5901.628341,23,10044.69091
social_media,LinkedIn,Asia,6285,248,10,1122.955169,18739.02444,13,8517.260102
social_media,Facebook,Asia,5937,214,19,9061.5372,14231.77131,29,12209.72042
social_media,Google,Asia,1369,549,89,1260.498851,7890.36642,26,13277.431
advertisement,Twitter,Europe,2818,162,81,3156.812065,14095.79175,21,14476.62265
social_media,Twitter,South America,3101,203,65,1291.50224,15161.95031,19,8856.77756
social_media,LinkedIn,Africa,4490,950,98,4022.591383,12886.55505,8,19229.81121
email,Twitter,Asia,2779,970,59,5624.798731,15771.52607,25,7546.377473
social_media,Facebook,Asia,8674,767,21,8169.803821,13721.80922,19,19484.79762
social_media,Facebook,Asia,2364,372,98,4041.833954,19216.54373,17,5222.841838
advertisement,LinkedIn,South America,8294,105,90,7349.410222,5805.456179,28,12216.88538
advertisement,LinkedIn,North America,4676,246,69,2687.540114,6593.685627,21,10000.51757
advertisement,LinkedIn,North America,3426,283,35,7755.386111,7605.074554,16,11736.85121
advertisement,Google,Europe,9264,127,87,3123.969453,15352.56606,15,13559.96868
advertisement,Twitter,North America,9089,649,50,2291.902803,14683.93809,15,11533.83737
advertisement,LinkedIn,Asia,3962,218,45,2668.679653,18380.8829,26,11222.70275
social_media,Instagram,Asia,1859,392,32,2638.56816,15993.16179,7,15990.85123
advertisement,Instagram,Asia,5138,470,52,5615.765914,12625.33231,23,15288.14413
advertisement,Facebook,Europe,3424,343,15,8603.178231,19877.47689,18,17499.06923
email,Twitter,Asia,5017,679,78,1716.445693,8991.619343,16,8749.384719
social_media,LinkedIn,North America,9560,825,52,7362.606866,17497.8749,11,14142.92765
social_media,Instagram,South America,9342,317,34,6889.118137,11401.85558,24,13777.92178
social_media,Twitter,South America,2134,276,27,8852.679566,14731.02708,21,10546.06716
advertisement,Facebook,Africa,6166,398,71,3197.328045,15909.02706,12,12290.86313
advertisement,Google,North America,6119,775,22,5050.988728,14506.31131,13,9706.73215
advertisement,Twitter,Asia,6694,157,52,9332.44637,7107.609547,23,7127.665964
email,Twitter,South America,7136,368,87,6939.941051,11644.26516,12,8207.01816
advertisement,Google,North America,6485,407,37,4498.915716,13421.57567,14,6582.704696
email,Twitter,South America,5164,669,27,2182.711446,17735.65639,18,15246.04363
social_media,Facebook,Asia,3346,387,68,3362.365071,11654.68623,27,14910.9109
advertisement,Facebook,South America,6039,204,69,6230.939297,18781.20957,20,19259.09557
email,Google,Africa,5897,327,72,7463.511528,11605.61335,18,15945.1762
email,LinkedIn,Africa,9252,346,66,2119.796982,13231.69789,29,5780.687581
advertisement,Instagram,South America,6041,799,60,6396.37534,16944.28524,16,18263.67761
social_media,LinkedIn,North America,4901,593,65,5953.16151,13746.01527,28,17940.12744
social_media,Twitter,North America,2337,182,36,5625.59902,19403.27109,26,11649.80481
social_media,Instagram,North America,2184,285,41,7211.108059,14905.03746,21,13787.94576
email,Google,South America,5426,351,18,8537.046356,12840.64181,13,19641.17499
email,Google,North America,2551,454,93,3906.907149,5353.879517,15,12984.56546
email,Instagram,Asia,2629,849,77,9001.109711,11205.99346,16,18579.82743
email,Facebook,Africa,2526,971,55,2445.702514,9488.726289,16,6245.581367
social_media,Instagram,Asia,2361,795,76,2557.214828,16221.58502,22,7865.778031
advertisement,Twitter,North America,5370,895,35,3400.948573,8124.165127,13,11611.32415
email,Facebook,Asia,6283,996,17,2075.777826,8078.301309,11,13771.35213
email,Google,North America,8610,309,15,3072.873022,7842.785649,29,17243.41778
social_media,Instagram,South America,2993,915,89,1957.705866,6884.234197,9,19823.93173
advertisement,LinkedIn,Asia,1869,907,33,8395.771753,9665.105055,24,10832.77245
advertisement,LinkedIn,South America,2014,708,57,2250.720927,18288.83172,17,5711.234542
social_media,Twitter,South America,1602,546,54,7725.678018,16623.92708,21,17017.57255
social_media,LinkedIn,Europe,1690,559,22,1431.224811,16028.76824,27,14065.71079
advertisement,Instagram,North America,9685,571,78,9536.682948,16960.05208,26,7978.142883
email,Instagram,Africa,1489,819,34,7400.440788,9041.26834,11,12422.42685
advertisement,LinkedIn,North America,7864,469,29,1061.168937,18311.62536,18,16134.65368
social_media,Instagram,Africa,8240,999,91,7874.708502,7059.550627,10,16556.17681
email,Twitter,North America,8786,591,91,5626.737287,10045.1859,21,12494.27618
email,Facebook,South America,9024,236,75,8014.286533,13801.22178,15,9578.217952
social_media,Twitter,Asia,1294,466,83,5702.47128,6543.576325,13,19606.13873
social_media,Twitter,Asia,6488,283,54,6769.223719,15951.95282,16,14950.43916
social_media,Instagram,Europe,5027,687,56,8076.984899,10808.69072,29,11123.56279
advertisement,Facebook,Africa,3912,386,72,4645.972491,16766.08498,19,9206.948363
advertisement,Instagram,Africa,5744,571,85,1024.373348,12393.44428,14,15966.54475
email,Google,Africa,2873,474,86,8649.518464,7713.117866,18,8632.751684
social_media,Instagram,South America,4258,753,64,4428.013264,16021.42717,28,7575.649835
email,Instagram,Africa,3817,848,84,5464.384534,8782.159338,25,12947.50833
email,Instagram,Asia,9636,636,28,1069.899779,12362.15452,7,9349.81089
email,Facebook,South America,4641,610,44,5428.828093,6132.999037,22,14433.57717
email,Instagram,North America,5458,901,62,9878.386614,14267.99982,28,6769.080123
social_media,Facebook,Africa,6307,678,35,3504.408947,14987.86649,23,14824.11657
email,LinkedIn,Africa,9933,349,23,4558.764432,10680.11315,24,9249.44792
social_media,Google,North America,3041,609,54,7184.709968,19316.3417,17,5003.644017
social_media,Facebook,Africa,1679,729,53,8333.143008,18112.53382,24,6904.040865
advertisement,LinkedIn,North America,6738,172,97,4756.524616,15619.11374,13,19004.23067
social_media,Facebook,South America,6668,381,74,3787.019834,15704.78112,24,18010.31959
advertisement,Facebook,Asia,8697,459,60,9440.4322,8786.025724,14,8504.135481
social_media,Google,North America,9033,109,52,7094.3047,14852.22847,12,16675.57857
social_media,Twitter,Europe,1062,310,95,2071.19174,7973.093979,13,14128.5739
social_media,Twitter,North America,8829,934,32,1620.350903,7160.048359,29,19563.57067
advertisement,Facebook,Africa,8352,251,65,5351.948657,19992.01841,28,10604.08489
advertisement,Instagram,South America,7915,104,28,2980.810594,14335.63897,16,15221.90919
email,LinkedIn,South America,9326,294,91,3285.86278,11464.81809,17,5953.035836
